[{"model": "contenttypes.contenttype", "pk": 1, "fields": {"app_label": "admin", "model": "logentry"}}, {"model": "contenttypes.contenttype", "pk": 2, "fields": {"app_label": "auth", "model": "permission"}}, {"model": "contenttypes.contenttype", "pk": 3, "fields": {"app_label": "auth", "model": "group"}}, {"model": "contenttypes.contenttype", "pk": 4, "fields": {"app_label": "contenttypes", "model": "contenttype"}}, {"model": "contenttypes.contenttype", "pk": 5, "fields": {"app_label": "sessions", "model": "session"}}, {"model": "contenttypes.contenttype", "pk": 6, "fields": {"app_label": "category", "model": "category"}}, {"model": "contenttypes.contenttype", "pk": 7, "fields": {"app_label": "accounts", "model": "account"}}, {"model": "contenttypes.contenttype", "pk": 8, "fields": {"app_label": "store", "model": "product"}}, {"model": "contenttypes.contenttype", "pk": 9, "fields": {"app_label": "carts", "model": "cartitem"}}, {"model": "contenttypes.contenttype", "pk": 10, "fields": {"app_label": "carts", "model": "cart"}}, {"model": "contenttypes.contenttype", "pk": 11, "fields": {"app_label": "store", "model": "variation"}}, {"model": "contenttypes.contenttype", "pk": 12, "fields": {"app_label": "orders", "model": "order"}}, {"model": "contenttypes.contenttype", "pk": 13, "fields": {"app_label": "orders", "model": "orderproduct"}}, {"model": "contenttypes.contenttype", "pk": 14, "fields": {"app_label": "orders", "model": "payment"}}, {"model": "contenttypes.contenttype", "pk": 15, "fields": {"app_label": "store", "model": "reviewrating"}}, {"model": "contenttypes.contenttype", "pk": 16, "fields": {"app_label": "accounts", "model": "userprofile"}}, {"model": "contenttypes.contenttype", "pk": 17, "fields": {"app_label": "store", "model": "productgallery"}}, {"model": "contenttypes.contenttype", "pk": 18, "fields": {"app_label": "admin_honeypot", "model": "loginattempt"}}, {"model": "sessions.session", "pk": "0zi5777mvbb8tnl4ywkazve13x55cn90", "fields": {"session_data": "OWM4MzFkNTgwMWRlZDliMDg5ZGFkMDQ2YTk2NDc2YjVmNjQ0ZTI3NDp7fQ==", "expire_date": "2021-07-31T20:05:28.553Z"}}, {"model": "sessions.session", "pk": "2flpg6sels0ohimcely0qt9ndd95hyl5", "fields": {"session_data": "OWM4MzFkNTgwMWRlZDliMDg5ZGFkMDQ2YTk2NDc2YjVmNjQ0ZTI3NDp7fQ==", "expire_date": "2021-07-31T20:05:26.079Z"}}, {"model": "sessions.session", "pk": "3mmvpvrgwzg1fymmppirlvlbokxorhgr", "fields": {"session_data": "OWM4MzFkNTgwMWRlZDliMDg5ZGFkMDQ2YTk2NDc2YjVmNjQ0ZTI3NDp7fQ==", "expire_date": "2021-07-31T18:59:55.488Z"}}, {"model": "sessions.session", "pk": "6p69wy9zs9kn5lsig1ts969nx77jc36v", "fields": {"session_data": "OWM4MzFkNTgwMWRlZDliMDg5ZGFkMDQ2YTk2NDc2YjVmNjQ0ZTI3NDp7fQ==", "expire_date": "2021-07-31T18:59:53.763Z"}}, {"model": "sessions.session", "pk": "auumlsfvm0pjaiavw11wwmoshqn0lliq", "fields": {"session_data": "OWM4MzFkNTgwMWRlZDliMDg5ZGFkMDQ2YTk2NDc2YjVmNjQ0ZTI3NDp7fQ==", "expire_date": "2021-07-31T20:05:27.518Z"}}, {"model": "sessions.session", "pk": "cuc8b9gqxwxncuf7r4mbe2rjlyfctioa", "fields": {"session_data": "OWM4MzFkNTgwMWRlZDliMDg5ZGFkMDQ2YTk2NDc2YjVmNjQ0ZTI3NDp7fQ==", "expire_date": "2021-07-31T20:05:18.955Z"}}, {"model": "sessions.session", "pk": "du779aqs439cv7v6b8wc67rvz7mpzyb8", "fields": {"session_data": "OWM4MzFkNTgwMWRlZDliMDg5ZGFkMDQ2YTk2NDc2YjVmNjQ0ZTI3NDp7fQ==", "expire_date": "2021-07-31T18:59:56.367Z"}}, {"model": "sessions.session", "pk": "ff5wrmf5e349qym1cls61cdvl0e7zeuw", "fields": {"session_data": "OWM4MzFkNTgwMWRlZDliMDg5ZGFkMDQ2YTk2NDc2YjVmNjQ0ZTI3NDp7fQ==", "expire_date": "2021-07-31T20:05:25.109Z"}}, {"model": "sessions.session", "pk": "gfortx458nz4q5ty6kpz4bk00mr54u2c", "fields": {"session_data": "OWM4MzFkNTgwMWRlZDliMDg5ZGFkMDQ2YTk2NDc2YjVmNjQ0ZTI3NDp7fQ==", "expire_date": "2021-07-31T18:59:57.849Z"}}, {"model": "sessions.session", "pk": "h7slduvzqbeifju9psjes0ip7jh11edm", "fields": {"session_data": "OWM4MzFkNTgwMWRlZDliMDg5ZGFkMDQ2YTk2NDc2YjVmNjQ0ZTI3NDp7fQ==", "expire_date": "2021-07-31T18:59:57.830Z"}}, {"model": "sessions.session", "pk": "il81js2cyj2wp96srcn60zd1vo677e0h", "fields": {"session_data": "OWM4MzFkNTgwMWRlZDliMDg5ZGFkMDQ2YTk2NDc2YjVmNjQ0ZTI3NDp7fQ==", "expire_date": "2021-07-31T20:05:24.995Z"}}, {"model": "sessions.session", "pk": "kvsqvh7nypfqfyvrfl9hf4tjbx74eqmk", "fields": {"session_data": "OWM4MzFkNTgwMWRlZDliMDg5ZGFkMDQ2YTk2NDc2YjVmNjQ0ZTI3NDp7fQ==", "expire_date": "2021-07-31T18:59:53.777Z"}}, {"model": "sessions.session", "pk": "qigkcssxcih9w1dlprlnc5dxk0amgp6c", "fields": {"session_data": ".eJxVjDsOwyAQRO9CHSEvsAa7TJ8zID7rmHwgMriKcvfYkhtPOe_NfJmtVGsq2aacmm3pTbW598eyEXrRo5ISDJdKIBh5YdatbbZrpcWmyEYG7NR5F56UdxAfLt8LDyW3JXm-K_ygld9KpNf1cE8Hs6vzttYTCI8kCCPILdqjRvSTCr2UysjoAwTTRWEcUhcwDoObIhrSAygYAvv9AfMDRfs:1m4oDe:VrpTwZBP9axdC8rf50RpthA2drXvZbvyDDUIFqYa3fk", "expire_date": "2021-07-31T17:35:18.382Z"}}, {"model": "sessions.session", "pk": "qzbv3p81pxcuy2g64vz1tua395i2nfvs", "fields": {"session_data": "OWM4MzFkNTgwMWRlZDliMDg5ZGFkMDQ2YTk2NDc2YjVmNjQ0ZTI3NDp7fQ==", "expire_date": "2021-07-31T18:59:53.374Z"}}, {"model": "sessions.session", "pk": "rrajjcn9m7i1lkk01jd7u1b5basi7emi", "fields": {"session_data": "OWM4MzFkNTgwMWRlZDliMDg5ZGFkMDQ2YTk2NDc2YjVmNjQ0ZTI3NDp7fQ==", "expire_date": "2021-07-31T20:05:26.338Z"}}, {"model": "sessions.session", "pk": "s9fhya7eq4o91a9bzls5xf5t21dj50wm", "fields": {"session_data": "OWM4MzFkNTgwMWRlZDliMDg5ZGFkMDQ2YTk2NDc2YjVmNjQ0ZTI3NDp7fQ==", "expire_date": "2021-07-31T18:59:56.644Z"}}, {"model": "sessions.session", "pk": "so4tbv3p0xze4t7k63hubnkr6hcwle19", "fields": {"session_data": "NDUyNzVjZDZiZDI2OWJiMzU5N2MxNDgwYTEzMDcxYTE2MDFjN2MwYTp7Il9zZXNzaW9uX2luaXRfdGltZXN0YW1wXyI6MTYyNjU1Mjg2NC44MzUzMjAyfQ==", "expire_date": "2021-07-31T20:14:25.029Z"}}, {"model": "sessions.session", "pk": "uvy31da7apyct8i25vs5wm4682mxrbcm", "fields": {"session_data": "OWM4MzFkNTgwMWRlZDliMDg5ZGFkMDQ2YTk2NDc2YjVmNjQ0ZTI3NDp7fQ==", "expire_date": "2021-07-31T20:01:47.617Z"}}, {"model": "sessions.session", "pk": "vjfegz2i2v2f8eftmrg37608rvwdkx7j", "fields": {"session_data": "OWM4MzFkNTgwMWRlZDliMDg5ZGFkMDQ2YTk2NDc2YjVmNjQ0ZTI3NDp7fQ==", "expire_date": "2021-07-31T18:59:55.699Z"}}, {"model": "sessions.session", "pk": "xf2ux3xagim7mgv9e8b2wgiqxkp38w2r", "fields": {"session_data": "e30:1m41Mz:KYPFkVhHXGgWfbk_SV3zSZgufFHm7zpydaqWcg7M1Ug", "expire_date": "2021-07-29T13:25:41.720Z"}}, {"model": "sessions.session", "pk": "xfqwvxxfgl199vbqlsbcyyjax0cbvnfn", "fields": {"session_data": "OWM4MzFkNTgwMWRlZDliMDg5ZGFkMDQ2YTk2NDc2YjVmNjQ0ZTI3NDp7fQ==", "expire_date": "2021-07-31T20:05:25.337Z"}}, {"model": "sessions.session", "pk": "xmfrp9gn01h4c4l15twy7qkif1d99foe", "fields": {"session_data": "OWM4MzFkNTgwMWRlZDliMDg5ZGFkMDQ2YTk2NDc2YjVmNjQ0ZTI3NDp7fQ==", "expire_date": "2021-07-31T20:05:19.304Z"}}, {"model": "sessions.session", "pk": "yptm238204e6qnxl2yzu7s6cw65wu3z3", "fields": {"session_data": "OWM4MzFkNTgwMWRlZDliMDg5ZGFkMDQ2YTk2NDc2YjVmNjQ0ZTI3NDp7fQ==", "expire_date": "2021-07-31T20:05:24.335Z"}}, {"model": "category.category", "pk": 1, "fields": {"category_name": "Shirts", "slug": "shirts", "description": "this is the demo shirt category", "cat_image": "photos/categories/shirts.jpg"}}, {"model": "category.category", "pk": 2, "fields": {"category_name": "Jeans", "slug": "jeans", "description": "This is a demo Jean category", "cat_image": "photos/categories/jeans.jpg"}}, {"model": "category.category", "pk": 3, "fields": {"category_name": "T-Shirts", "slug": "t-shirts", "description": "This is a test description", "cat_image": "photos/categories/tshirts.jpg"}}, {"model": "category.category", "pk": 4, "fields": {"category_name": "Shoes", "slug": "shoes", "description": "", "cat_image": "photos/categories/shoes.png"}}, {"model": "category.category", "pk": 5, "fields": {"category_name": "Jackets", "slug": "jackets", "description": "", "cat_image": "photos/categories/jackets.jpg"}}, {"model": "accounts.account", "pk": 1, "fields": {"password": "pbkdf2_sha256$216000$pajrnXTwE0HV$7iQwHFYpg2Krj0NOFA0mqm2RcvdveQJa16XBgkX2mgs=", "first_name": "krishna", "last_name": "kaushik", "username": "djangoadmin", "email": "kolluri18@iitg.ac.in", "phone_number": "", "date_joined": "2021-07-14T10:23:17.669Z", "last_login": "2021-07-17T17:35:06.427Z", "is_admin": true, "is_staff": true, "is_active": true, "is_superadmin": true}}, {"model": "accounts.account", "pk": 2, "fields": {"password": "pbkdf2_sha256$216000$QM1TU4ueQq8f$Df3wrM3+48Z1qmRHpECI3PyQ3AsAAe0DyZd/r98dVEA=", "first_name": "KRISHNA", "last_name": "KAUSHIK", "username": "krishna.kaushik", "email": "krishna.kaushik@publicissapient.com", "phone_number": "6900400923", "date_joined": "2021-07-16T06:56:31.535Z", "last_login": "2021-07-16T06:56:31.535Z", "is_admin": false, "is_staff": false, "is_active": false, "is_superadmin": false}}, {"model": "store.product", "pk": 1, "fields": {"product_name": "ATX-Jeans", "slug": "atx-jeans", "description": "Jeans with extra features", "price": 199, "images": "photos/products/ATX-Jeans.jpg", "stock": 97, "is_available": true, "category": 2, "created_date": "2021-07-14T11:29:35.142Z", "modified_date": "2021-07-17T06:52:05.916Z"}}, {"model": "store.product", "pk": 2, "fields": {"product_name": "Great-Tshirt", "slug": "great-tshirt", "description": "Great-Tshirt", "price": 299, "images": "photos/products/Great-Tshirt.jpg", "stock": 49, "is_available": true, "category": 3, "created_date": "2021-07-14T11:30:24.590Z", "modified_date": "2021-07-17T07:03:03.774Z"}}, {"model": "store.product", "pk": 3, "fields": {"product_name": "PUMA-FERRARI-SHOES", "slug": "puma-ferrari-shoes", "description": "", "price": 399, "images": "photos/products/Puma-Ferrari-Shoes.jpg", "stock": 45, "is_available": true, "category": 4, "created_date": "2021-07-14T11:30:56.281Z", "modified_date": "2021-07-17T07:07:34.400Z"}}, {"model": "store.product", "pk": 4, "fields": {"product_name": "US-Polo-Assn_Jacket", "slug": "us-polo-assn_jacket", "description": "US jacket", "price": 499, "images": "photos/products/US-Polo-Assn_Jacket.jpg", "stock": 15, "is_available": true, "category": 5, "created_date": "2021-07-14T11:31:26.588Z", "modified_date": "2021-07-17T07:11:07.528Z"}}, {"model": "store.product", "pk": 5, "fields": {"product_name": "Blue-Shirt", "slug": "blue-shirt", "description": "", "price": 159, "images": "photos/products/Blue-Shirt.jpg", "stock": 199, "is_available": true, "category": 1, "created_date": "2021-07-14T11:32:21.247Z", "modified_date": "2021-07-17T07:14:26.604Z"}}, {"model": "store.variation", "pk": 1, "fields": {"product": 1, "variation_category": "color", "variation_value": "Red", "is_active": true, "created_date": "2021-07-14T20:44:20.318Z"}}, {"model": "store.variation", "pk": 2, "fields": {"product": 1, "variation_category": "color", "variation_value": "Blue", "is_active": true, "created_date": "2021-07-14T20:45:18.474Z"}}, {"model": "store.variation", "pk": 3, "fields": {"product": 1, "variation_category": "color", "variation_value": "yellow", "is_active": true, "created_date": "2021-07-14T20:46:15.010Z"}}, {"model": "store.variation", "pk": 4, "fields": {"product": 1, "variation_category": "size", "variation_value": "Small", "is_active": true, "created_date": "2021-07-14T20:57:28.347Z"}}, {"model": "store.variation", "pk": 5, "fields": {"product": 1, "variation_category": "size", "variation_value": "Medium", "is_active": true, "created_date": "2021-07-14T20:58:39.727Z"}}, {"model": "store.variation", "pk": 6, "fields": {"product": 1, "variation_category": "size", "variation_value": "Large", "is_active": true, "created_date": "2021-07-14T20:58:53.432Z"}}, {"model": "store.variation", "pk": 7, "fields": {"product": 2, "variation_category": "color", "variation_value": "Red", "is_active": true, "created_date": "2021-07-15T06:34:25.958Z"}}, {"model": "store.variation", "pk": 8, "fields": {"product": 2, "variation_category": "color", "variation_value": "Blue", "is_active": true, "created_date": "2021-07-15T06:34:34.531Z"}}, {"model": "store.variation", "pk": 9, "fields": {"product": 2, "variation_category": "color", "variation_value": "yellow", "is_active": true, "created_date": "2021-07-15T06:34:46.256Z"}}, {"model": "store.variation", "pk": 10, "fields": {"product": 2, "variation_category": "size", "variation_value": "Small", "is_active": true, "created_date": "2021-07-15T06:34:55.595Z"}}, {"model": "store.variation", "pk": 11, "fields": {"product": 2, "variation_category": "size", "variation_value": "Medium", "is_active": true, "created_date": "2021-07-15T06:35:04.104Z"}}, {"model": "store.variation", "pk": 12, "fields": {"product": 2, "variation_category": "size", "variation_value": "Large", "is_active": true, "created_date": "2021-07-15T06:35:15.052Z"}}, {"model": "store.variation", "pk": 13, "fields": {"product": 3, "variation_category": "color", "variation_value": "Red", "is_active": true, "created_date": "2021-07-15T06:35:53.402Z"}}, {"model": "store.variation", "pk": 14, "fields": {"product": 3, "variation_category": "color", "variation_value": "Blue", "is_active": true, "created_date": "2021-07-15T06:36:03.033Z"}}, {"model": "store.variation", "pk": 15, "fields": {"product": 3, "variation_category": "color", "variation_value": "yellow", "is_active": true, "created_date": "2021-07-15T06:36:10.953Z"}}, {"model": "store.variation", "pk": 16, "fields": {"product": 3, "variation_category": "size", "variation_value": "Small", "is_active": true, "created_date": "2021-07-15T06:36:19.013Z"}}, {"model": "store.variation", "pk": 17, "fields": {"product": 3, "variation_category": "size", "variation_value": "Large", "is_active": true, "created_date": "2021-07-15T06:36:29.339Z"}}, {"model": "store.variation", "pk": 18, "fields": {"product": 3, "variation_category": "size", "variation_value": "Medium", "is_active": true, "created_date": "2021-07-15T06:36:38.762Z"}}, {"model": "store.variation", "pk": 19, "fields": {"product": 4, "variation_category": "color", "variation_value": "Red", "is_active": true, "created_date": "2021-07-15T06:36:47.266Z"}}, {"model": "store.variation", "pk": 20, "fields": {"product": 4, "variation_category": "color", "variation_value": "Blue", "is_active": true, "created_date": "2021-07-15T06:36:55.505Z"}}, {"model": "store.variation", "pk": 21, "fields": {"product": 4, "variation_category": "color", "variation_value": "yellow", "is_active": true, "created_date": "2021-07-15T06:37:18.765Z"}}, {"model": "store.variation", "pk": 22, "fields": {"product": 4, "variation_category": "size", "variation_value": "Small", "is_active": true, "created_date": "2021-07-15T06:37:36.891Z"}}, {"model": "store.variation", "pk": 23, "fields": {"product": 4, "variation_category": "size", "variation_value": "Medium", "is_active": true, "created_date": "2021-07-15T06:37:45.821Z"}}, {"model": "store.variation", "pk": 24, "fields": {"product": 4, "variation_category": "size", "variation_value": "Large", "is_active": true, "created_date": "2021-07-15T06:37:54.854Z"}}, {"model": "store.variation", "pk": 25, "fields": {"product": 5, "variation_category": "color", "variation_value": "Red", "is_active": true, "created_date": "2021-07-15T06:38:06.436Z"}}, {"model": "store.variation", "pk": 26, "fields": {"product": 5, "variation_category": "color", "variation_value": "Blue", "is_active": true, "created_date": "2021-07-15T06:38:19.060Z"}}, {"model": "store.variation", "pk": 27, "fields": {"product": 5, "variation_category": "color", "variation_value": "yellow", "is_active": true, "created_date": "2021-07-15T06:38:27.156Z"}}, {"model": "store.variation", "pk": 28, "fields": {"product": 5, "variation_category": "size", "variation_value": "Small", "is_active": true, "created_date": "2021-07-15T06:38:36.335Z"}}, {"model": "store.variation", "pk": 29, "fields": {"product": 5, "variation_category": "size", "variation_value": "Medium", "is_active": true, "created_date": "2021-07-15T06:38:46.445Z"}}, {"model": "store.variation", "pk": 30, "fields": {"product": 5, "variation_category": "size", "variation_value": "Large", "is_active": true, "created_date": "2021-07-15T06:38:55.147Z"}}, {"model": "store.productgallery", "pk": 2, "fields": {"product": 1, "image": "store/products/oatx-krossstitch-blue-denim-washed-jeans_500x500_2.jpg"}}, {"model": "store.productgallery", "pk": 3, "fields": {"product": 1, "image": "store/products/oatx-krossstitch-blue-denim-washed-jeans_500x500_3.jpg"}}, {"model": "store.productgallery", "pk": 4, "fields": {"product": 1, "image": "store/products/oatx-krossstitch-blue-denim-washed-jeans_500x500_1.jpg"}}, {"model": "store.productgallery", "pk": 5, "fields": {"product": 2, "image": "store/products/347816-3632430_1.jpg"}}, {"model": "store.productgallery", "pk": 6, "fields": {"product": 2, "image": "store/products/347816-3632431.jpg"}}, {"model": "store.productgallery", "pk": 7, "fields": {"product": 2, "image": "store/products/347816-3632432.jpg"}}, {"model": "store.productgallery", "pk": 8, "fields": {"product": 3, "image": "store/products/Scuderia-Ferrari-Kart-Cat-X-Mens-Shoes.jpg"}}, {"model": "store.productgallery", "pk": 9, "fields": {"product": 3, "image": "store/products/Scuderia-Ferrari-Kart-Cat-X-Mens-Shoes_2.jpg"}}, {"model": "store.productgallery", "pk": 10, "fields": {"product": 3, "image": "store/products/Scuderia-Ferrari-Kart-Cat-X-Mens-Shoes_3.jpg"}}, {"model": "store.productgallery", "pk": 11, "fields": {"product": 4, "image": "store/products/2.jpg"}}, {"model": "store.productgallery", "pk": 12, "fields": {"product": 4, "image": "store/products/3.jpg"}}, {"model": "store.productgallery", "pk": 13, "fields": {"product": 4, "image": "store/products/4.jpg"}}, {"model": "store.productgallery", "pk": 14, "fields": {"product": 5, "image": "store/products/389950-3643070.jpg"}}, {"model": "store.productgallery", "pk": 15, "fields": {"product": 5, "image": "store/products/389950-3643071.jpg"}}, {"model": "store.productgallery", "pk": 16, "fields": {"product": 5, "image": "store/products/389950-3643072.jpg"}}, {"model": "carts.cart", "pk": 21, "fields": {"cart_id": "zp24rua4t56ityhhhqz46a6j615llm5y", "date_added": "2021-07-16"}}, {"model": "carts.cartitem", "pk": 43, "fields": {"user": 1, "product": 2, "cart": null, "quantity": 2, "is_active": true, "variations": [8, 10]}}, {"model": "carts.cartitem", "pk": 44, "fields": {"user": 1, "product": 4, "cart": null, "quantity": 1, "is_active": true, "variations": [21, 22]}}, {"model": "carts.cartitem", "pk": 45, "fields": {"user": 1, "product": 5, "cart": null, "quantity": 1, "is_active": true, "variations": [26, 29]}}, {"model": "orders.order", "pk": 1, "fields": {"user": null, "payment": null, "order_number": "202107161", "first_name": "KRISHNA", "last_name": "KAUSHIK", "phone": "6900400923", "email": "k.kaushik25@gmail.com", "address_line_1": "dummy", "address_line_2": "address", "country": "India", "state": "Telanagana", "city": "Hyderabad", "order_note": "test note", "order_total": 710.94, "tax": 13.94, "status": "New", "ip": "127.0.0.1", "is_ordered": false, "created_at": "2021-07-16T16:30:49.795Z", "updated_at": "2021-07-16T16:30:49.812Z"}}, {"model": "orders.order", "pk": 2, "fields": {"user": null, "payment": null, "order_number": "202107162", "first_name": "KRISHNA", "last_name": "KAUSHIK", "phone": "6900400923", "email": "k.kaushik25@gmail.com", "address_line_1": "dummy", "address_line_2": "address", "country": "India", "state": "Telanagana", "city": "Hyderabad", "order_note": "test note", "order_total": 710.94, "tax": 13.94, "status": "New", "ip": "127.0.0.1", "is_ordered": false, "created_at": "2021-07-16T16:31:40.695Z", "updated_at": "2021-07-16T16:31:40.701Z"}}, {"model": "orders.order", "pk": 3, "fields": {"user": null, "payment": null, "order_number": "202107163", "first_name": "KRISHNA", "last_name": "KAUSHIK", "phone": "6900400923", "email": "k.kaushik25@gmail.com", "address_line_1": "dummy", "address_line_2": "address", "country": "India", "state": "Telanagana", "city": "Hyderabad", "order_note": "test note 2", "order_total": 710.94, "tax": 13.94, "status": "New", "ip": "127.0.0.1", "is_ordered": false, "created_at": "2021-07-16T16:36:43.573Z", "updated_at": "2021-07-16T16:36:43.582Z"}}, {"model": "orders.order", "pk": 4, "fields": {"user": null, "payment": null, "order_number": "202107164", "first_name": "KRISHNA", "last_name": "KAUSHIK", "phone": "6900400923", "email": "k.kaushik25@gmail.com", "address_line_1": "dummy", "address_line_2": "address", "country": "India", "state": "Telanagana", "city": "Hyderabad", "order_note": "test note 2", "order_total": 710.94, "tax": 13.94, "status": "New", "ip": "127.0.0.1", "is_ordered": false, "created_at": "2021-07-16T16:40:43.350Z", "updated_at": "2021-07-16T16:40:43.357Z"}}, {"model": "orders.order", "pk": 5, "fields": {"user": null, "payment": null, "order_number": "202107165", "first_name": "KRISHNA", "last_name": "KAUSHIK", "phone": "6900400923", "email": "k.kaushik25@gmail.com", "address_line_1": "dummy", "address_line_2": "address", "country": "India", "state": "Telanagana", "city": "Hyderabad", "order_note": "test note 2", "order_total": 710.94, "tax": 13.94, "status": "New", "ip": "127.0.0.1", "is_ordered": false, "created_at": "2021-07-16T16:40:52.317Z", "updated_at": "2021-07-16T16:40:52.327Z"}}, {"model": "orders.order", "pk": 6, "fields": {"user": null, "payment": null, "order_number": "202107166", "first_name": "KRISHNA", "last_name": "kaushik", "phone": "6900400923", "email": "k.kaushik25@gmail.com", "address_line_1": "dummy", "address_line_2": "address", "country": "India", "state": "Telanagana", "city": "Hyderabad", "order_note": "test 3", "order_total": 710.94, "tax": 13.94, "status": "New", "ip": "127.0.0.1", "is_ordered": false, "created_at": "2021-07-16T16:42:15.739Z", "updated_at": "2021-07-16T16:42:15.748Z"}}, {"model": "orders.order", "pk": 7, "fields": {"user": null, "payment": null, "order_number": "202107167", "first_name": "KRISHNA", "last_name": "KAUSHIK", "phone": "6900400923", "email": "k.kaushik25@gmail.com", "address_line_1": "dummy", "address_line_2": "address", "country": "India", "state": "Telanagana", "city": "Hyderabad", "order_note": "test 5", "order_total": 710.94, "tax": 13.94, "status": "New", "ip": "127.0.0.1", "is_ordered": true, "created_at": "2021-07-16T17:29:55.948Z", "updated_at": "2021-07-16T17:42:23.412Z"}}, {"model": "orders.order", "pk": 8, "fields": {"user": null, "payment": null, "order_number": "202107178", "first_name": "KRI", "last_name": "kaush", "phone": "6900400923", "email": "kolluri18@iitg.ac.in", "address_line_1": "dummy", "address_line_2": "address", "country": "India", "state": "Telanagana", "city": "Hyderabad", "order_note": "acs", "order_total": 202.98, "tax": 3.98, "status": "New", "ip": "127.0.0.1", "is_ordered": true, "created_at": "2021-07-16T21:29:55.397Z", "updated_at": "2021-07-16T21:30:23.578Z"}}, {"model": "admin_honeypot.loginattempt", "pk": 1, "fields": {"username": "krishna.kaushik@publicissapient.com", "ip_address": "127.0.0.1", "session_key": "qme1svfr7b60y72o9zveq1c8ih2s1eot", "user_agent": "Mozilla/5.0 (Windows NT 10.0; Win64; x64) AppleWebKit/537.36 (KHTML, like Gecko) Chrome/91.0.4472.124 Safari/537.36", "timestamp": "2021-07-17T07:49:41.687Z", "path": "/admin/login/?next=/admin/"}}, {"model": "auth.permission", "pk": 1, "fields": {"name": "Can add log entry", "content_type": 1, "codename": "add_logentry"}}, {"model": "auth.permission", "pk": 2, "fields": {"name": "Can change log entry", "content_type": 1, "codename": "change_logentry"}}, {"model": "auth.permission", "pk": 3, "fields": {"name": "Can delete log entry", "content_type": 1, "codename": "delete_logentry"}}, {"model": "auth.permission", "pk": 4, "fields": {"name": "Can view log entry", "content_type": 1, "codename": "view_logentry"}}, {"model": "auth.permission", "pk": 5, "fields": {"name": "Can add permission", "content_type": 2, "codename": "add_permission"}}, {"model": "auth.permission", "pk": 6, "fields": {"name": "Can change permission", "content_type": 2, "codename": "change_permission"}}, {"model": "auth.permission", "pk": 7, "fields": {"name": "Can delete permission", "content_type": 2, "codename": "delete_permission"}}, {"model": "auth.permission", "pk": 8, "fields": {"name": "Can view permission", "content_type": 2, "codename": "view_permission"}}, {"model": "auth.permission", "pk": 9, "fields": {"name": "Can add group", "content_type": 3, "codename": "add_group"}}, {"model": "auth.permission", "pk": 10, "fields": {"name": "Can change group", "content_type": 3, "codename": "change_group"}}, {"model": "auth.permission", "pk": 11, "fields": {"name": "Can delete group", "content_type": 3, "codename": "delete_group"}}, {"model": "auth.permission", "pk": 12, "fields": {"name": "Can view group", "content_type": 3, "codename": "view_group"}}, {"model": "auth.permission", "pk": 13, "fields": {"name": "Can add content type", "content_type": 4, "codename": "add_contenttype"}}, {"model": "auth.permission", "pk": 14, "fields": {"name": "Can change content type", "content_type": 4, "codename": "change_contenttype"}}, {"model": "auth.permission", "pk": 15, "fields": {"name": "Can delete content type", "content_type": 4, "codename": "delete_contenttype"}}, {"model": "auth.permission", "pk": 16, "fields": {"name": "Can view content type", "content_type": 4, "codename": "view_contenttype"}}, {"model": "auth.permission", "pk": 17, "fields": {"name": "Can add session", "content_type": 5, "codename": "add_session"}}, {"model": "auth.permission", "pk": 18, "fields": {"name": "Can change session", "content_type": 5, "codename": "change_session"}}, {"model": "auth.permission", "pk": 19, "fields": {"name": "Can delete session", "content_type": 5, "codename": "delete_session"}}, {"model": "auth.permission", "pk": 20, "fields": {"name": "Can view session", "content_type": 5, "codename": "view_session"}}, {"model": "auth.permission", "pk": 21, "fields": {"name": "Can add category", "content_type": 6, "codename": "add_category"}}, {"model": "auth.permission", "pk": 22, "fields": {"name": "Can change category", "content_type": 6, "codename": "change_category"}}, {"model": "auth.permission", "pk": 23, "fields": {"name": "Can delete category", "content_type": 6, "codename": "delete_category"}}, {"model": "auth.permission", "pk": 24, "fields": {"name": "Can view category", "content_type": 6, "codename": "view_category"}}, {"model": "auth.permission", "pk": 25, "fields": {"name": "Can add account", "content_type": 7, "codename": "add_account"}}, {"model": "auth.permission", "pk": 26, "fields": {"name": "Can change account", "content_type": 7, "codename": "change_account"}}, {"model": "auth.permission", "pk": 27, "fields": {"name": "Can delete account", "content_type": 7, "codename": "delete_account"}}, {"model": "auth.permission", "pk": 28, "fields": {"name": "Can view account", "content_type": 7, "codename": "view_account"}}, {"model": "auth.permission", "pk": 29, "fields": {"name": "Can add product", "content_type": 8, "codename": "add_product"}}, {"model": "auth.permission", "pk": 30, "fields": {"name": "Can change product", "content_type": 8, "codename": "change_product"}}, {"model": "auth.permission", "pk": 31, "fields": {"name": "Can delete product", "content_type": 8, "codename": "delete_product"}}, {"model": "auth.permission", "pk": 32, "fields": {"name": "Can view product", "content_type": 8, "codename": "view_product"}}, {"model": "auth.permission", "pk": 33, "fields": {"name": "Can add cart item", "content_type": 9, "codename": "add_cartitem"}}, {"model": "auth.permission", "pk": 34, "fields": {"name": "Can change cart item", "content_type": 9, "codename": "change_cartitem"}}, {"model": "auth.permission", "pk": 35, "fields": {"name": "Can delete cart item", "content_type": 9, "codename": "delete_cartitem"}}, {"model": "auth.permission", "pk": 36, "fields": {"name": "Can view cart item", "content_type": 9, "codename": "view_cartitem"}}, {"model": "auth.permission", "pk": 37, "fields": {"name": "Can add cart", "content_type": 10, "codename": "add_cart"}}, {"model": "auth.permission", "pk": 38, "fields": {"name": "Can change cart", "content_type": 10, "codename": "change_cart"}}, {"model": "auth.permission", "pk": 39, "fields": {"name": "Can delete cart", "content_type": 10, "codename": "delete_cart"}}, {"model": "auth.permission", "pk": 40, "fields": {"name": "Can view cart", "content_type": 10, "codename": "view_cart"}}, {"model": "auth.permission", "pk": 41, "fields": {"name": "Can add variation", "content_type": 11, "codename": "add_variation"}}, {"model": "auth.permission", "pk": 42, "fields": {"name": "Can change variation", "content_type": 11, "codename": "change_variation"}}, {"model": "auth.permission", "pk": 43, "fields": {"name": "Can delete variation", "content_type": 11, "codename": "delete_variation"}}, {"model": "auth.permission", "pk": 44, "fields": {"name": "Can view variation", "content_type": 11, "codename": "view_variation"}}, {"model": "auth.permission", "pk": 45, "fields": {"name": "Can add order", "content_type": 12, "codename": "add_order"}}, {"model": "auth.permission", "pk": 46, "fields": {"name": "Can change order", "content_type": 12, "codename": "change_order"}}, {"model": "auth.permission", "pk": 47, "fields": {"name": "Can delete order", "content_type": 12, "codename": "delete_order"}}, {"model": "auth.permission", "pk": 48, "fields": {"name": "Can view order", "content_type": 12, "codename": "view_order"}}, {"model": "auth.permission", "pk": 49, "fields": {"name": "Can add order product", "content_type": 13, "codename": "add_orderproduct"}}, {"model": "auth.permission", "pk": 50, "fields": {"name": "Can change order product", "content_type": 13, "codename": "change_orderproduct"}}, {"model": "auth.permission", "pk": 51, "fields": {"name": "Can delete order product", "content_type": 13, "codename": "delete_orderproduct"}}, {"model": "auth.permission", "pk": 52, "fields": {"name": "Can view order product", "content_type": 13, "codename": "view_orderproduct"}}, {"model": "auth.permission", "pk": 53, "fields": {"name": "Can add payment", "content_type": 14, "codename": "add_payment"}}, {"model": "auth.permission", "pk": 54, "fields": {"name": "Can change payment", "content_type": 14, "codename": "change_payment"}}, {"model": "auth.permission", "pk": 55, "fields": {"name": "Can delete payment", "content_type": 14, "codename": "delete_payment"}}, {"model": "auth.permission", "pk": 56, "fields": {"name": "Can view payment", "content_type": 14, "codename": "view_payment"}}, {"model": "auth.permission", "pk": 57, "fields": {"name": "Can add review rating", "content_type": 15, "codename": "add_reviewrating"}}, {"model": "auth.permission", "pk": 58, "fields": {"name": "Can change review rating", "content_type": 15, "codename": "change_reviewrating"}}, {"model": "auth.permission", "pk": 59, "fields": {"name": "Can delete review rating", "content_type": 15, "codename": "delete_reviewrating"}}, {"model": "auth.permission", "pk": 60, "fields": {"name": "Can view review rating", "content_type": 15, "codename": "view_reviewrating"}}, {"model": "auth.permission", "pk": 61, "fields": {"name": "Can add user profile", "content_type": 16, "codename": "add_userprofile"}}, {"model": "auth.permission", "pk": 62, "fields": {"name": "Can change user profile", "content_type": 16, "codename": "change_userprofile"}}, {"model": "auth.permission", "pk": 63, "fields": {"name": "Can delete user profile", "content_type": 16, "codename": "delete_userprofile"}}, {"model": "auth.permission", "pk": 64, "fields": {"name": "Can view user profile", "content_type": 16, "codename": "view_userprofile"}}, {"model": "auth.permission", "pk": 65, "fields": {"name": "Can add productgallery", "content_type": 17, "codename": "add_productgallery"}}, {"model": "auth.permission", "pk": 66, "fields": {"name": "Can change productgallery", "content_type": 17, "codename": "change_productgallery"}}, {"model": "auth.permission", "pk": 67, "fields": {"name": "Can delete productgallery", "content_type": 17, "codename": "delete_productgallery"}}, {"model": "auth.permission", "pk": 68, "fields": {"name": "Can view productgallery", "content_type": 17, "codename": "view_productgallery"}}, {"model": "auth.permission", "pk": 69, "fields": {"name": "Can add login attempt", "content_type": 18, "codename": "add_loginattempt"}}, {"model": "auth.permission", "pk": 70, "fields": {"name": "Can change login attempt", "content_type": 18, "codename": "change_loginattempt"}}, {"model": "auth.permission", "pk": 71, "fields": {"name": "Can delete login attempt", "content_type": 18, "codename": "delete_loginattempt"}}, {"model": "auth.permission", "pk": 72, "fields": {"name": "Can view login attempt", "content_type": 18, "codename": "view_loginattempt"}}, {"model": "admin.logentry", "pk": 1, "fields": {"action_time": "2021-07-14T11:05:33.270Z", "user": 1, "content_type": 6, "object_id": "1", "object_repr": "Shirts", "action_flag": 1, "change_message": "[{\"added\": {}}]"}}, {"model": "admin.logentry", "pk": 2, "fields": {"action_time": "2021-07-14T11:08:18.638Z", "user": 1, "content_type": 6, "object_id": "1", "object_repr": "Shirts", "action_flag": 2, "change_message": "[]"}}, {"model": "admin.logentry", "pk": 3, "fields": {"action_time": "2021-07-14T11:09:42.910Z", "user": 1, "content_type": 6, "object_id": "1", "object_repr": "Shirts", "action_flag": 2, "change_message": "[]"}}, {"model": "admin.logentry", "pk": 4, "fields": {"action_time": "2021-07-14T11:10:14.808Z", "user": 1, "content_type": 6, "object_id": "2", "object_repr": "Jeans", "action_flag": 1, "change_message": "[{\"added\": {}}]"}}, {"model": "admin.logentry", "pk": 5, "fields": {"action_time": "2021-07-14T11:11:59.889Z", "user": 1, "content_type": 6, "object_id": "3", "object_repr": "T-Shirts", "action_flag": 1, "change_message": "[{\"added\": {}}]"}}, {"model": "admin.logentry", "pk": 6, "fields": {"action_time": "2021-07-14T11:12:13.586Z", "user": 1, "content_type": 6, "object_id": "4", "object_repr": "Shoes", "action_flag": 1, "change_message": "[{\"added\": {}}]"}}, {"model": "admin.logentry", "pk": 7, "fields": {"action_time": "2021-07-14T11:12:26.010Z", "user": 1, "content_type": 6, "object_id": "5", "object_repr": "Jackets", "action_flag": 1, "change_message": "[{\"added\": {}}]"}}, {"model": "admin.logentry", "pk": 8, "fields": {"action_time": "2021-07-14T11:29:35.149Z", "user": 1, "content_type": 8, "object_id": "1", "object_repr": "ATX-Jeans", "action_flag": 1, "change_message": "[{\"added\": {}}]"}}, {"model": "admin.logentry", "pk": 9, "fields": {"action_time": "2021-07-14T11:30:24.592Z", "user": 1, "content_type": 8, "object_id": "2", "object_repr": "Great-Tshirt", "action_flag": 1, "change_message": "[{\"added\": {}}]"}}, {"model": "admin.logentry", "pk": 10, "fields": {"action_time": "2021-07-14T11:30:56.283Z", "user": 1, "content_type": 8, "object_id": "3", "object_repr": "PUMA-FERRARI-SHOES", "action_flag": 1, "change_message": "[{\"added\": {}}]"}}, {"model": "admin.logentry", "pk": 11, "fields": {"action_time": "2021-07-14T11:31:26.591Z", "user": 1, "content_type": 8, "object_id": "4", "object_repr": "US-Polo-Assn_Jacket", "action_flag": 1, "change_message": "[{\"added\": {}}]"}}, {"model": "admin.logentry", "pk": 12, "fields": {"action_time": "2021-07-14T11:32:21.250Z", "user": 1, "content_type": 8, "object_id": "5", "object_repr": "Blue-Shirt", "action_flag": 1, "change_message": "[{\"added\": {}}]"}}, {"model": "admin.logentry", "pk": 13, "fields": {"action_time": "2021-07-14T15:23:27.707Z", "user": 1, "content_type": 8, "object_id": "5", "object_repr": "Blue-Shirt", "action_flag": 2, "change_message": "[]"}}, {"model": "admin.logentry", "pk": 14, "fields": {"action_time": "2021-07-14T15:50:22.063Z", "user": 1, "content_type": 8, "object_id": "3", "object_repr": "PUMA-FERRARI-SHOES", "action_flag": 2, "change_message": "[{\"changed\": {\"fields\": [\"Stock\"]}}]"}}, {"model": "admin.logentry", "pk": 15, "fields": {"action_time": "2021-07-14T20:44:20.325Z", "user": 1, "content_type": 11, "object_id": "1", "object_repr": "Red", "action_flag": 1, "change_message": "[{\"added\": {}}]"}}, {"model": "admin.logentry", "pk": 16, "fields": {"action_time": "2021-07-14T20:45:18.476Z", "user": 1, "content_type": 11, "object_id": "2", "object_repr": "Blue", "action_flag": 1, "change_message": "[{\"added\": {}}]"}}, {"model": "admin.logentry", "pk": 17, "fields": {"action_time": "2021-07-14T20:45:46.103Z", "user": 1, "content_type": 11, "object_id": "3", "object_repr": "yellow", "action_flag": 1, "change_message": "[{\"added\": {}}]"}}, {"model": "admin.logentry", "pk": 18, "fields": {"action_time": "2021-07-14T20:46:11.738Z", "user": 1, "content_type": 11, "object_id": "3", "object_repr": "yellow", "action_flag": 2, "change_message": "[{\"changed\": {\"fields\": [\"Is active\"]}}]"}}, {"model": "admin.logentry", "pk": 19, "fields": {"action_time": "2021-07-14T20:46:15.023Z", "user": 1, "content_type": 11, "object_id": "3", "object_repr": "yellow", "action_flag": 2, "change_message": "[{\"changed\": {\"fields\": [\"Is active\"]}}]"}}, {"model": "admin.logentry", "pk": 20, "fields": {"action_time": "2021-07-14T20:57:28.356Z", "user": 1, "content_type": 11, "object_id": "4", "object_repr": "Small", "action_flag": 1, "change_message": "[{\"added\": {}}]"}}, {"model": "admin.logentry", "pk": 21, "fields": {"action_time": "2021-07-14T20:58:39.732Z", "user": 1, "content_type": 11, "object_id": "5", "object_repr": "Medium", "action_flag": 1, "change_message": "[{\"added\": {}}]"}}, {"model": "admin.logentry", "pk": 22, "fields": {"action_time": "2021-07-14T20:58:53.434Z", "user": 1, "content_type": 11, "object_id": "6", "object_repr": "Large", "action_flag": 1, "change_message": "[{\"added\": {}}]"}}, {"model": "admin.logentry", "pk": 23, "fields": {"action_time": "2021-07-15T06:18:06.678Z", "user": 1, "content_type": 9, "object_id": "9", "object_repr": "CartItem object (9)", "action_flag": 1, "change_message": "[{\"added\": {}}]"}}, {"model": "admin.logentry", "pk": 24, "fields": {"action_time": "2021-07-15T06:34:25.960Z", "user": 1, "content_type": 11, "object_id": "7", "object_repr": "Red", "action_flag": 1, "change_message": "[{\"added\": {}}]"}}, {"model": "admin.logentry", "pk": 25, "fields": {"action_time": "2021-07-15T06:34:34.534Z", "user": 1, "content_type": 11, "object_id": "8", "object_repr": "Blue", "action_flag": 1, "change_message": "[{\"added\": {}}]"}}, {"model": "admin.logentry", "pk": 26, "fields": {"action_time": "2021-07-15T06:34:46.258Z", "user": 1, "content_type": 11, "object_id": "9", "object_repr": "yellow", "action_flag": 1, "change_message": "[{\"added\": {}}]"}}, {"model": "admin.logentry", "pk": 27, "fields": {"action_time": "2021-07-15T06:34:55.599Z", "user": 1, "content_type": 11, "object_id": "10", "object_repr": "Small", "action_flag": 1, "change_message": "[{\"added\": {}}]"}}, {"model": "admin.logentry", "pk": 28, "fields": {"action_time": "2021-07-15T06:35:04.108Z", "user": 1, "content_type": 11, "object_id": "11", "object_repr": "Medium", "action_flag": 1, "change_message": "[{\"added\": {}}]"}}, {"model": "admin.logentry", "pk": 29, "fields": {"action_time": "2021-07-15T06:35:15.056Z", "user": 1, "content_type": 11, "object_id": "12", "object_repr": "Large", "action_flag": 1, "change_message": "[{\"added\": {}}]"}}, {"model": "admin.logentry", "pk": 30, "fields": {"action_time": "2021-07-15T06:35:34.080Z", "user": 1, "content_type": 8, "object_id": "3", "object_repr": "PUMA-FERRARI-SHOES", "action_flag": 2, "change_message": "[{\"changed\": {\"fields\": [\"Stock\"]}}]"}}, {"model": "admin.logentry", "pk": 31, "fields": {"action_time": "2021-07-15T06:35:53.403Z", "user": 1, "content_type": 11, "object_id": "13", "object_repr": "Red", "action_flag": 1, "change_message": "[{\"added\": {}}]"}}, {"model": "admin.logentry", "pk": 32, "fields": {"action_time": "2021-07-15T06:36:03.037Z", "user": 1, "content_type": 11, "object_id": "14", "object_repr": "Blue", "action_flag": 1, "change_message": "[{\"added\": {}}]"}}, {"model": "admin.logentry", "pk": 33, "fields": {"action_time": "2021-07-15T06:36:10.955Z", "user": 1, "content_type": 11, "object_id": "15", "object_repr": "yellow", "action_flag": 1, "change_message": "[{\"added\": {}}]"}}, {"model": "admin.logentry", "pk": 34, "fields": {"action_time": "2021-07-15T06:36:19.016Z", "user": 1, "content_type": 11, "object_id": "16", "object_repr": "Small", "action_flag": 1, "change_message": "[{\"added\": {}}]"}}, {"model": "admin.logentry", "pk": 35, "fields": {"action_time": "2021-07-15T06:36:29.341Z", "user": 1, "content_type": 11, "object_id": "17", "object_repr": "Large", "action_flag": 1, "change_message": "[{\"added\": {}}]"}}, {"model": "admin.logentry", "pk": 36, "fields": {"action_time": "2021-07-15T06:36:38.763Z", "user": 1, "content_type": 11, "object_id": "18", "object_repr": "Medium", "action_flag": 1, "change_message": "[{\"added\": {}}]"}}, {"model": "admin.logentry", "pk": 37, "fields": {"action_time": "2021-07-15T06:36:47.270Z", "user": 1, "content_type": 11, "object_id": "19", "object_repr": "Red", "action_flag": 1, "change_message": "[{\"added\": {}}]"}}, {"model": "admin.logentry", "pk": 38, "fields": {"action_time": "2021-07-15T06:36:55.508Z", "user": 1, "content_type": 11, "object_id": "20", "object_repr": "Blue", "action_flag": 1, "change_message": "[{\"added\": {}}]"}}, {"model": "admin.logentry", "pk": 39, "fields": {"action_time": "2021-07-15T06:37:02.832Z", "user": 1, "content_type": 11, "object_id": "21", "object_repr": "yellow", "action_flag": 1, "change_message": "[{\"added\": {}}]"}}, {"model": "admin.logentry", "pk": 40, "fields": {"action_time": "2021-07-15T06:37:18.769Z", "user": 1, "content_type": 11, "object_id": "21", "object_repr": "yellow", "action_flag": 2, "change_message": "[{\"changed\": {\"fields\": [\"Product\"]}}]"}}, {"model": "admin.logentry", "pk": 41, "fields": {"action_time": "2021-07-15T06:37:36.893Z", "user": 1, "content_type": 11, "object_id": "22", "object_repr": "Small", "action_flag": 1, "change_message": "[{\"added\": {}}]"}}, {"model": "admin.logentry", "pk": 42, "fields": {"action_time": "2021-07-15T06:37:45.822Z", "user": 1, "content_type": 11, "object_id": "23", "object_repr": "Medium", "action_flag": 1, "change_message": "[{\"added\": {}}]"}}, {"model": "admin.logentry", "pk": 43, "fields": {"action_time": "2021-07-15T06:37:54.859Z", "user": 1, "content_type": 11, "object_id": "24", "object_repr": "Large", "action_flag": 1, "change_message": "[{\"added\": {}}]"}}, {"model": "admin.logentry", "pk": 44, "fields": {"action_time": "2021-07-15T06:38:06.437Z", "user": 1, "content_type": 11, "object_id": "25", "object_repr": "Red", "action_flag": 1, "change_message": "[{\"added\": {}}]"}}, {"model": "admin.logentry", "pk": 45, "fields": {"action_time": "2021-07-15T06:38:19.061Z", "user": 1, "content_type": 11, "object_id": "26", "object_repr": "Blue", "action_flag": 1, "change_message": "[{\"added\": {}}]"}}, {"model": "admin.logentry", "pk": 46, "fields": {"action_time": "2021-07-15T06:38:27.159Z", "user": 1, "content_type": 11, "object_id": "27", "object_repr": "yellow", "action_flag": 1, "change_message": "[{\"added\": {}}]"}}, {"model": "admin.logentry", "pk": 47, "fields": {"action_time": "2021-07-15T06:38:36.337Z", "user": 1, "content_type": 11, "object_id": "28", "object_repr": "Small", "action_flag": 1, "change_message": "[{\"added\": {}}]"}}, {"model": "admin.logentry", "pk": 48, "fields": {"action_time": "2021-07-15T06:38:46.447Z", "user": 1, "content_type": 11, "object_id": "29", "object_repr": "Medium", "action_flag": 1, "change_message": "[{\"added\": {}}]"}}, {"model": "admin.logentry", "pk": 49, "fields": {"action_time": "2021-07-15T06:38:55.149Z", "user": 1, "content_type": 11, "object_id": "30", "object_repr": "Large", "action_flag": 1, "change_message": "[{\"added\": {}}]"}}, {"model": "admin.logentry", "pk": 50, "fields": {"action_time": "2021-07-16T07:11:03.220Z", "user": 1, "content_type": 7, "object_id": "4", "object_repr": "krishunot@gmail.com", "action_flag": 3, "change_message": ""}}, {"model": "admin.logentry", "pk": 51, "fields": {"action_time": "2021-07-16T07:20:02.012Z", "user": 1, "content_type": 7, "object_id": "5", "object_repr": "krim@gmail.com", "action_flag": 3, "change_message": ""}}, {"model": "admin.logentry", "pk": 52, "fields": {"action_time": "2021-07-16T07:20:05.824Z", "user": 1, "content_type": 7, "object_id": "3", "object_repr": "krishmunot@gmail.com", "action_flag": 3, "change_message": ""}}, {"model": "admin.logentry", "pk": 53, "fields": {"action_time": "2021-07-16T10:09:34.249Z", "user": 1, "content_type": 7, "object_id": "6", "object_repr": "180102029@iitg.ac.in", "action_flag": 3, "change_message": ""}}, {"model": "admin.logentry", "pk": 54, "fields": {"action_time": "2021-07-16T10:17:01.361Z", "user": 1, "content_type": 7, "object_id": "7", "object_repr": "k.kaushik25@gmail.com", "action_flag": 2, "change_message": "[{\"changed\": {\"fields\": [\"Is admin\", \"Is staff\", \"Is active\", \"Is superadmin\"]}}]"}}, {"model": "admin.logentry", "pk": 55, "fields": {"action_time": "2021-07-16T10:17:49.353Z", "user": 1, "content_type": 7, "object_id": "7", "object_repr": "k.kaushik25@gmail.com", "action_flag": 3, "change_message": ""}}, {"model": "admin.logentry", "pk": 56, "fields": {"action_time": "2021-07-16T10:23:32.463Z", "user": 1, "content_type": 7, "object_id": "8", "object_repr": "k.kaushik25@gmail.com", "action_flag": 3, "change_message": ""}}, {"model": "admin.logentry", "pk": 57, "fields": {"action_time": "2021-07-16T10:23:52.544Z", "user": 1, "content_type": 7, "object_id": "9", "object_repr": "k.kaushik25@gmail.com", "action_flag": 3, "change_message": ""}}, {"model": "admin.logentry", "pk": 58, "fields": {"action_time": "2021-07-16T10:27:39.299Z", "user": 1, "content_type": 7, "object_id": "10", "object_repr": "k.kaushik25@gmail.com", "action_flag": 3, "change_message": ""}}, {"model": "admin.logentry", "pk": 59, "fields": {"action_time": "2021-07-16T10:30:19.836Z", "user": 1, "content_type": 7, "object_id": "11", "object_repr": "k.kaushik25@gmail.com", "action_flag": 3, "change_message": ""}}, {"model": "admin.logentry", "pk": 60, "fields": {"action_time": "2021-07-16T10:33:05.949Z", "user": 1, "content_type": 7, "object_id": "12", "object_repr": "k.kaushik25@gmail.com", "action_flag": 3, "change_message": ""}}, {"model": "admin.logentry", "pk": 61, "fields": {"action_time": "2021-07-16T10:36:24.080Z", "user": 1, "content_type": 7, "object_id": "13", "object_repr": "k.kaushik25@gmail.com", "action_flag": 3, "change_message": ""}}, {"model": "admin.logentry", "pk": 62, "fields": {"action_time": "2021-07-16T10:38:16.848Z", "user": 1, "content_type": 7, "object_id": "14", "object_repr": "k.kaushik25@gmail.com", "action_flag": 3, "change_message": ""}}, {"model": "admin.logentry", "pk": 63, "fields": {"action_time": "2021-07-16T10:45:34.179Z", "user": 1, "content_type": 7, "object_id": "15", "object_repr": "k.kaushik25@gmail.com", "action_flag": 3, "change_message": ""}}, {"model": "admin.logentry", "pk": 64, "fields": {"action_time": "2021-07-16T10:48:38.757Z", "user": 1, "content_type": 7, "object_id": "16", "object_repr": "k.kaushik25@gmail.com", "action_flag": 3, "change_message": ""}}, {"model": "admin.logentry", "pk": 65, "fields": {"action_time": "2021-07-16T10:50:33.176Z", "user": 1, "content_type": 7, "object_id": "17", "object_repr": "k.kaushik25@gmail.com", "action_flag": 3, "change_message": ""}}, {"model": "admin.logentry", "pk": 66, "fields": {"action_time": "2021-07-16T11:05:18.124Z", "user": 1, "content_type": 7, "object_id": "18", "object_repr": "k.kaushik25@gmail.com", "action_flag": 3, "change_message": ""}}, {"model": "admin.logentry", "pk": 67, "fields": {"action_time": "2021-07-16T13:53:36.107Z", "user": 1, "content_type": 9, "object_id": "26", "object_repr": "CartItem object (26)", "action_flag": 3, "change_message": ""}}, {"model": "admin.logentry", "pk": 68, "fields": {"action_time": "2021-07-16T13:53:36.112Z", "user": 1, "content_type": 9, "object_id": "25", "object_repr": "CartItem object (25)", "action_flag": 3, "change_message": ""}}, {"model": "admin.logentry", "pk": 69, "fields": {"action_time": "2021-07-16T13:53:36.120Z", "user": 1, "content_type": 9, "object_id": "24", "object_repr": "CartItem object (24)", "action_flag": 3, "change_message": ""}}, {"model": "admin.logentry", "pk": 70, "fields": {"action_time": "2021-07-16T13:53:36.127Z", "user": 1, "content_type": 9, "object_id": "23", "object_repr": "CartItem object (23)", "action_flag": 3, "change_message": ""}}, {"model": "admin.logentry", "pk": 71, "fields": {"action_time": "2021-07-16T13:53:36.135Z", "user": 1, "content_type": 9, "object_id": "22", "object_repr": "CartItem object (22)", "action_flag": 3, "change_message": ""}}, {"model": "admin.logentry", "pk": 72, "fields": {"action_time": "2021-07-16T13:53:36.144Z", "user": 1, "content_type": 9, "object_id": "21", "object_repr": "CartItem object (21)", "action_flag": 3, "change_message": ""}}, {"model": "admin.logentry", "pk": 73, "fields": {"action_time": "2021-07-16T13:53:36.154Z", "user": 1, "content_type": 9, "object_id": "20", "object_repr": "CartItem object (20)", "action_flag": 3, "change_message": ""}}, {"model": "admin.logentry", "pk": 74, "fields": {"action_time": "2021-07-16T13:53:36.160Z", "user": 1, "content_type": 9, "object_id": "19", "object_repr": "CartItem object (19)", "action_flag": 3, "change_message": ""}}, {"model": "admin.logentry", "pk": 75, "fields": {"action_time": "2021-07-16T13:53:36.168Z", "user": 1, "content_type": 9, "object_id": "15", "object_repr": "CartItem object (15)", "action_flag": 3, "change_message": ""}}, {"model": "admin.logentry", "pk": 76, "fields": {"action_time": "2021-07-16T13:53:36.177Z", "user": 1, "content_type": 9, "object_id": "14", "object_repr": "CartItem object (14)", "action_flag": 3, "change_message": ""}}, {"model": "admin.logentry", "pk": 77, "fields": {"action_time": "2021-07-16T13:53:36.185Z", "user": 1, "content_type": 9, "object_id": "13", "object_repr": "CartItem object (13)", "action_flag": 3, "change_message": ""}}, {"model": "admin.logentry", "pk": 78, "fields": {"action_time": "2021-07-16T13:53:36.194Z", "user": 1, "content_type": 9, "object_id": "12", "object_repr": "CartItem object (12)", "action_flag": 3, "change_message": ""}}, {"model": "admin.logentry", "pk": 79, "fields": {"action_time": "2021-07-16T13:53:36.199Z", "user": 1, "content_type": 9, "object_id": "11", "object_repr": "CartItem object (11)", "action_flag": 3, "change_message": ""}}, {"model": "admin.logentry", "pk": 80, "fields": {"action_time": "2021-07-16T13:53:36.204Z", "user": 1, "content_type": 9, "object_id": "10", "object_repr": "CartItem object (10)", "action_flag": 3, "change_message": ""}}, {"model": "admin.logentry", "pk": 81, "fields": {"action_time": "2021-07-16T13:53:36.211Z", "user": 1, "content_type": 9, "object_id": "9", "object_repr": "CartItem object (9)", "action_flag": 3, "change_message": ""}}, {"model": "admin.logentry", "pk": 82, "fields": {"action_time": "2021-07-16T13:53:51.222Z", "user": 1, "content_type": 10, "object_id": "10", "object_repr": "1fgaf97mo7ro62uobc2pkt4yd3eghsk9", "action_flag": 3, "change_message": ""}}, {"model": "admin.logentry", "pk": 83, "fields": {"action_time": "2021-07-16T13:53:51.228Z", "user": 1, "content_type": 10, "object_id": "9", "object_repr": "m7lep6ylmahp7hikmyunrk18lndmpefs", "action_flag": 3, "change_message": ""}}, {"model": "admin.logentry", "pk": 84, "fields": {"action_time": "2021-07-16T13:53:51.235Z", "user": 1, "content_type": 10, "object_id": "8", "object_repr": "gfkcdwnstyszkt6j2dq5d860lhdf2614", "action_flag": 3, "change_message": ""}}, {"model": "admin.logentry", "pk": 85, "fields": {"action_time": "2021-07-16T13:53:51.240Z", "user": 1, "content_type": 10, "object_id": "7", "object_repr": "6l9u7klof8ok69t5pufmnpg4oegwstfx", "action_flag": 3, "change_message": ""}}, {"model": "admin.logentry", "pk": 86, "fields": {"action_time": "2021-07-16T13:53:51.246Z", "user": 1, "content_type": 10, "object_id": "6", "object_repr": "ihwlz5ivbd93p85h8pccwifrbxqli864", "action_flag": 3, "change_message": ""}}, {"model": "admin.logentry", "pk": 87, "fields": {"action_time": "2021-07-16T13:53:51.253Z", "user": 1, "content_type": 10, "object_id": "5", "object_repr": "sbxbgbylilu9v26vgulvqlvi64we5iau", "action_flag": 3, "change_message": ""}}, {"model": "admin.logentry", "pk": 88, "fields": {"action_time": "2021-07-16T13:53:51.259Z", "user": 1, "content_type": 10, "object_id": "4", "object_repr": "abwjkjq18trcdrlktj7p5ns13i7t2q5c", "action_flag": 3, "change_message": ""}}, {"model": "admin.logentry", "pk": 89, "fields": {"action_time": "2021-07-16T13:53:51.264Z", "user": 1, "content_type": 10, "object_id": "3", "object_repr": "7hu2otfjug1nl1v6o2rbreyn69epwf5g", "action_flag": 3, "change_message": ""}}, {"model": "admin.logentry", "pk": 90, "fields": {"action_time": "2021-07-16T13:53:51.269Z", "user": 1, "content_type": 10, "object_id": "2", "object_repr": "xf2ux3xagim7mgv9e8b2wgiqxkp38w2r", "action_flag": 3, "change_message": ""}}, {"model": "admin.logentry", "pk": 91, "fields": {"action_time": "2021-07-16T13:53:51.273Z", "user": 1, "content_type": 10, "object_id": "1", "object_repr": "dmq24cjgqh10y8r7lz8t8ruhct1qxnc2", "action_flag": 3, "change_message": ""}}, {"model": "admin.logentry", "pk": 92, "fields": {"action_time": "2021-07-16T13:59:12.883Z", "user": 1, "content_type": 7, "object_id": "19", "object_repr": "k.kaushik25@gmail.com", "action_flag": 2, "change_message": "[{\"changed\": {\"fields\": [\"Is admin\", \"Is staff\", \"Is superadmin\"]}}]"}}, {"model": "admin.logentry", "pk": 93, "fields": {"action_time": "2021-07-16T13:59:26.963Z", "user": 1, "content_type": 10, "object_id": "14", "object_repr": "3kg4fsmi1fcfzuj0ht9xnnny9i8lv9kj", "action_flag": 3, "change_message": ""}}, {"model": "admin.logentry", "pk": 94, "fields": {"action_time": "2021-07-16T13:59:26.968Z", "user": 1, "content_type": 10, "object_id": "12", "object_repr": "utwhj6g4sbvrlpt9orpgcx4r0s55azn6", "action_flag": 3, "change_message": ""}}, {"model": "admin.logentry", "pk": 95, "fields": {"action_time": "2021-07-16T13:59:26.974Z", "user": 1, "content_type": 10, "object_id": "11", "object_repr": "wbfnwb7gvjdld4tl1tvlnfqbzybkijss", "action_flag": 3, "change_message": ""}}, {"model": "admin.logentry", "pk": 96, "fields": {"action_time": "2021-07-16T13:59:26.981Z", "user": 1, "content_type": 10, "object_id": "13", "object_repr": "ztd79dprja9yx21d8bp1v49cbxgv3rml", "action_flag": 3, "change_message": ""}}, {"model": "admin.logentry", "pk": 111, "fields": {"action_time": "2021-07-17T17:35:18.360Z", "user": 1, "content_type": 7, "object_id": "19", "object_repr": "k.kaushik25@gmail.com", "action_flag": 3, "change_message": ""}}]